	mean_inCluster	mean_outCluster	log2_fold	p-value	relevant_genes
92	139.06083127770228	40.47037916115084	1.7807753208670811	1.0346660555286593e-51	1110004E09Rik;1700001L19Rik;Fastkd3;Mtrr;1700011I03Rik;1700066O22Rik;4930511M06Rik;1700012A03Rik;1700012C14Rik;1700017L05Rik;1700021F02Rik;1700028I16Rik;Txnrd1;1700054A03Rik;1700060C20Rik;1700063D05Rik;1700099I09Rik;1700105P06Rik;Spindoc;1700109G15Rik;1700109K24Rik;1700116B05Rik;1700120E14Rik;1810007C17Rik;1810034E14Rik;Cdc14b;2010106C02Rik;2210404E10Rik;4930524O05Rik;Pga5;2310034O05Rik;2610528A11Rik;Ghitm;2810410L24Rik;4632427E13Rik;Rab30;4921511C10Rik;4930402F11Rik;4930413F20Rik;Nipal2;4930443O20Rik;4930448I06Rik;4930455J16Rik;4930480K15Rik;4930506A18Rik;4930509E16Rik;Rfx7;4930524C18Rik;4930542D17Rik;Ccdc54;4930545L23Rik;4930563F08Rik;4930578I06Rik;Rp1l1;4930578N18Rik;4930594O21Rik;4931406C07Rik;Med17;Taf1d;4932438H23Rik;4933400F21Rik;4933409G03Rik;4933412O06Rik;A530046M15Rik;4933416C03Rik;4933416C03Rik;Ptprr;4933424G06Rik;Actr1b;Cox5b;Fam178b;4933430I17Rik;Pole3;Rgs3;5730522E02Rik;Mir6372;5830408C22Rik;Plekha2;5830428M24Rik;5930438M14Rik;6030408B16Rik;6430584L05Rik;Ghrhr;9330175E14Rik;9330179D12Rik;Ccnd2;9430069I07Rik;9430083A17Rik;Spin1;9530020I12Rik;Msgn1;A430035B10Rik;Glcci1;A830082K12Rik;Nr2f1;AF067063;Abcb11;Acly;Acta2;Actc1;C130080G10Rik;Actl7a;Actl7b;Actn4;Eif3k;Map4k1;Adam19;Adamts5;Adamts7;Adgra3;Adgrl1;Afap1l1;Agfg1;Aimp1;Tbck;Akr1cl;Crygd;Cryge;Aldh9a1;Amt;Nicn1;Ank3;Ankrd12;Ndufv2;Washc1;Ankrd55;Ap3d1;Dot1l;Appl1;Arhgdib;Erp27;Arhgef28;Arpc3;Fam216a;Gpn3;Art3;Atl1;Map4k5;Atmin;Cenpn;Cmc2;Atp5g2;Mir688;Atp6v1c1;Atp6v1g3;Atxn7l1;F730043M19Rik;B3galt5;B4galt1;BC046251;BC051142;Bach2;Bcas1;Bco1;Bdh2;Slc9b2;Bdnf;Bfsp1;Bpifb3;Bpifb4;Bptf;Btn2a2;C130026L21Rik;C230014O12Rik;C2cd4c;Odf3l2;Shc2;C330024D21Rik;C530008M17Rik;C630043F03Rik;Tle1;Cacna2d3;Cacnb2;Cadps;Carmil3;Dhrs4;Cbll1;Ccdc103;Fam187a;Gfap;Ccdc167;Ccdc181;Slc19a2;Ccdc28a;Ect2l;Ccdc3;Ccdc39;Ccdc88c;Mir1190;Ccdc96;Tada2b;Cckar;Rnu7;Ccl20;Ccl25;Ccnk;Setd3;Cd200;Cd36;Cd6;Slc15a3;Cd84;Cdh22;Cdyl;Cenpm;Shisa8;Tnfrsf13c;Cers4;Cfap126;Cfap61;Crnkl1;Naa20;Chek2;Hscb;Ulk1;Ciao1;Stard7;Tmem127;Cic;Pafah1b3;Prr19;Tmem145;Ciita;Cisd1;Ipmk;Clcn2;Fam131a;Polr2h;Snord66;Clcnkb;Hspb7;Srarp;Zbtb17;Cldn10;Cldn12;Clec16a;Dexi;Clip1;Clmp;Cmpk2;Cnr1;Coch;Coil;Trim25;Col5a2;Commd2;Cops8;Cox7a2l;Cpne4;Crybb2;Crybb3;Cryga;Crygb;Crygc;Csn3;Cspg5;Csrnp2;Letmd1;Csrnp3;Ctu2;Rnf166;Cwc27;Srek1ip1;Cybrd1;Cyp26a1;D130009I18Rik;D630003M21Rik;D830032E09Rik;Daam1;Dand5;Nfix;Dap;Dapl1;Dcn;Dctn6;Decr1;Mir6400;Nbn;Dgat1;Scrt1;Dimt1;Disc1;Dlgap1;Dnajc7;Nkiras2;Dpp9;Dpy19l3;Dpysl3;Dscam;Dtx1;E030024N20Rik;Gnaq;E130006D01Rik;E130114P18Rik;Nfia;E130304I02Rik;Zfp507;E2f4;Elmo3;Exoc3l;Lrrc29;Mir328;Tmem208;Ebf1;Echdc2;Eif3f;Nlrp10;Eif3l;Micall1;Eif5a2;Eln;Elovl2;Elovl2;Smim13;Emp1;Emp2;Gm1600;Eno2;Lrrc23;Ermard;Gm3417;Gm3448;Tcte3;Esyt2;Evl;Gm16596;Evx2;Hoxd12;Hoxd13;Eya1;Ezr;Fam110a;Mir1953;Fam124b;Fam3c;Fam49a;Fam53b;Fam8a1;Fbxo39;Fdx1;Fgd4;Fgfrl1;Slc26a1;Filip1;Flnb;Flnc;Fndc1;Foxf2;Fpr1;Has1;Frmd6;Fry;Fsip1;Fut8;G630093K05Rik;G6pc3;Lsm12;Gabra4;Gabrr3;Galm;Gata2;Gcdh;Mir7069;Syce2;Gck;Gcnt1;Gcnt2;Ghrh;Manbal;Gins2;Gipc2;Gkn2;Gkn3;Glrx2;Gm10007;Gm10371;Gm10389;Gm10754;Gm1123;Gm11351;Gm11729;Gm8624;Gm11733;Gm12216;Gm12354;Gm13547;Gm13807;Gm15201;Gm15934;Popdc3;Gm16573;Gm17066;Gm19583;Gm20110;Gm20125;Gm20751;Gm2848;Syk;Gm28881;Gm2897;Gm3230;Otud1;Gm33035;Gm33104;Gm33677;Gm3414;Gm36908;Gm3985;Gm4278;Gm5087;Synpr;Gm5475;Slc11a2;Gm7056;Gm833;Gm8541;Gm8817;Gm9871;Gmnc;Gnpda1;Gpm6a;Gpx2;Grb2;Grip1os2;Grp;Gtf2f2;Gucy2e;Gxylt1;Hbs1l;Hhat;Hipk1;Hmgb4;Hmgb4os;Hmgcs1;Hormad2;Hrh1;Hymai;Plagl1;Ifi44l;Igfbp2;Il16;Inpp4b;Iqsec1;Ism1;Ism2;Kcnf1;Kcnk1;Kctd6;Kdm1b;Tpmt;Kif1b;Ube4bos3;Kif5c;Klhl28;Togaram1;Klkb1;Kpnb1;Krt75;Krt82;Krt90;Krtap28-13;Ksr1;Lamb3;Lats2;Lelp1;Lhpp;Nkx1-2;Oat;Lhx5;Limch1;Lmo2;Loxl4;Lrp8;Lrp8os2;Lrrc55;Lrrc71;Pear1;Lurap1l;Lyar;Zbtb49;Mab21l1;Mab21l3;Maml2;Man2a1;Manf;Rbm15b;Mbl2;Mboat2;Mbtps2;Yy2;Mcc;Ythdc2;Mcm6;Mdrl;Me3;Med23;Megf11;Meis3;Mfng;Mfsd9;Tmem182;Miga1;Usp33;Mindy3;Mir129-1;Mir138-1;Mir21c;Mir28c;Mir3475;Mir3966;Mir466j;Pldi;Mir466q;Mir5118;Mir6343;Mir6356;Mir6361;Mir6416;Mir6417;Mir669n;Mir674;Mir681;Mir7021;Mir7038;Mlph;Prlh;Mpo;Msl3;Msmo1;Mtfr1;Muc20;Smbd1;Mycs;Myrip;Nck1;Nipsnap3a;Olfr270;Npy2r;Nr1h4;Nrcam;Nrxn3;Nsf;Oaf;Olfm3;Olfml2b;Olfr1324;Olfr520;Olfr763;Orc1;Prpf38a;Pabpc6;Pak4;Pcbp3;Pcp2;Pet100;Xab2;Pcsk2;Pcsk2os1;Pdss1;Pfkfb3;Piezo2;Platr5;Plch2;Pomgnt2;Ppdpf;Ppp4r3b;Prf1;Prl;Prn;Prnp;Proca1;Rab34;Prodh2;Prss23;Psmd6;Ptprd;Ptprk;Qrfp;Qrsl1;Rtn4ip1;Rab3b;Rac2;Sstr3;Rad51c;Tex14;Ralgps1;Rap2b;Rasa4;Upk3bl;Rasl11b;Rb1;Rbfox1;Rffl;Rfxap;Rnf103;Rnf165;Rprd1a;Rptn;Sarm1;Sebox;Vtn;Scara5;Scel;Sdcbp;Sema6d;Sephs1;Sepsecs;Sept9;Sergef;Tph1;Serinc2;Sh3pxd2b;Shf;Sidt1;Slain2;Slc16a14;Slc1a7;Slc22a22;Slc25a21;Slc30a9;Slc45a4;Slc9a3;Slc9a9;Smad3;Smpd4;Sorbs1;Spata16;Spats2l;Speer4f1;Spg20;Spink13;Sprr2h;Sprr2i;Sptbn4;St3gal5;St6galnac5;Ston2;Synj2;Syt17;Tacc2;Tacr2;Tspan15;Tanc1;Tars;Tbx15;Tcf7l2;Tcof1;Tead1;Terc;Tex29;Thoc7;Thrb;Thsd4;Tigar;Timm44;Tlr5;Tmem106c;Tmem236;Tmem245;Tmem64;Tnn;Top1;Trpc7;Tsc22d1;Tspan18;Tspan9;Ttc30a1;Ttc30a2;Ttn;Tyrp1;Uap1;Ube2t;Upp1;Urgcp;Usp22;Vamp3;Vash1;Vav3;Vdac1;Vmn1r218;Vrk1;Vrk2;Vwa8;Zbtb18;Zbtb38;Zc2hc1b;Zfp382;Zfp609;Zfp706;Zfp804b;Zfp827;Zfp939;Znrf3
352	92.06166280991128	31.98707029808741	1.525108695701791	3.012288481047083e-43	1190002N15Rik;1600027J07Rik;1700001G17Rik;Prim2;1700008C04Rik;1700011H14Rik;1700012B09Rik;Ankrd49;Fut4;Mre11a;1700017B05Rik;1700018A04Rik;Foxq1;1700019N19Rik;1700023F02Rik;4930407I19Rik;1700025N23Rik;1700034P13Rik;Vcpip1;1700061G19Rik;Acsbg2;1700071K01Rik;1700102P08Rik;1700108J01Rik;1700125H03Rik;1810013A23Rik;2010106C02Rik;2310008N11Rik;2310065F04Rik;Mir6923;2400006E01Rik;2700038G22Rik;Tomm7;2700046G09Rik;2810006K23Rik;Cdk2ap1;Mphosph9;2810442N19Rik;2900026A02Rik;2900097C17Rik;Epb41l1;3110002H16Rik;4631405J19Rik;Prdm11;4921530L21Rik;4921534H16Rik;4930412O13Rik;9230102O04Rik;Gata3;Gm13262;4930425O10Rik;4930425O10Rik;Tspan5;4930429D17Rik;4930444M15Rik;Tsc22d1;4930444P10Rik;4930448K20Rik;4930455C13Rik;4930455H04Rik;Palmd;4930474N09Rik;4930488B22Rik;4930520P13Rik;4930527G23Rik;4930528P14Rik;4930533N22Rik;4930539E08Rik;Pxt1;4930549C15Rik;4930554G24Rik;4930578C19Rik;4930578I06Rik;Rp1l1;4930579F01Rik;4931402G19Rik;Capn3;4931429P17Rik;4933406J09Rik;Bcl2l14;4933407K13Rik;4933408N05Rik;4933415F23Rik;4933416O17Rik;4933417G07Rik;5031425F14Rik;5033428I22Rik;Hand2;5830408C22Rik;Plekha2;5830418P13Rik;6430710C18Rik;6720483E21Rik;Paqr8;9030204H09Rik;9030612E09Rik;Sobp;9330102E08Rik;9430019J16Rik;A230028O05Rik;A330008L17Rik;Cdh8;A330076C08Rik;A430078G23Rik;A630075F10Rik;A730035I17Rik;Prdm8;A930009A15Rik;Lgr5;A930024E05Rik;Kdm2b;AF357399;Rps16;Supt5;AF366264;Abca14;Crym;Abcc9;Acacb;Ackr1;Actrt2;Adam33;Gfra4;Adcy7;Adgrb1;Gm32168;Adh4;Adh6a;Adra2c;Adrb2;Gm9949;Aff1;Agl;Agtr1a;Agtrap;Ahsa2;Ahsg;Dnajb11;Gm30505;Tbccd1;Ajuba;Haus4;Akap11;Akap7;Alkbh3;Angpt4;Ap3m2;Ap4s1;Strn3;Apba2;Apobec3;D730005E14Rik;Aqp4;Arhgap10;Arhgap17;Lcmt1;Arhgap8;Gm20556;Arid3c;Dctn3;Rpp25l;Sigmar1;Armc10;Fbxl13;Arvcf;Arxes1;Asap1;Asb2;Atg4d;Cdkn2d;Kri1;Atp1a1;Atp8b3;Atxn7l3b;Aven;B230214G05Rik;BB019430;BC017158;BC030870;Bank1;Bcl2l11;Bend6;Dst;Bhmt2;Dmgdh;Bmp3;Bmp8b;Brpf3;C2cd4a;Vps13c;Cacna1b;Cacng3;Capn6;Car3;Cbr4;Ccdc103;Eftud2;Fam187a;Gfap;Ccdc121;Ccdc158;Shroom3;Ccdc172;Ccdc190;Ccdc30;Ppcs;Zmynd12;Ccdc34;Cckar;Rnu7;Ccl24;Ccl26;Ccl24;Ccl26;Hip1;Ccl25;Ccr6;Cd2bp2;Mylpf;Tbc1d10b;Cdc42ep1;Cdhr1;Lrit2;Cdhr3;Cdk14;Cdon;Cela1;Galnt6;Cep57l1;Sesn1;Cfap58;Chaf1a;Chrdl1;Chrna3;Chrnb1;Fgf11;G630025P09Rik;Zbtb4;Cldn22;Cnot2;Cnr1;Cntnap2;Col1a2;Col7a1;Uqcrc1;Cpa1;Cpa2;Ssmem1;Tmem209;Cplane1;Cpxm1;Cpxm2;Crabp1;Creb5;Crp;Csn1s2b;Ctxn2;Myef2;Slc12a1;Ctxn3;Cxxc4;Mir1895;Cyp19a1;Cyp46a1;Eml1;Cytip;Gm13546;D630010B17Rik;D6Wsu163e;Rad51ap1;D830026I12Rik;Dach1;Dbil5;Fam57a;Gemin4;Dbx1;Dcaf4;Dcbld1;Ddhd1;Mir5131;Ddi1;Ddx24;Ifi27;Ddx27;Stau1;Defb25;Defb36;Rem1;Dgkg;Dhrs7c;Disp1;Dmbx1;Dmrta1;Dnah10;Dnajb8;Dpy19l1;Dpysl3;Dsp;E030044B06Rik;E230016M11Rik;Gadd45a;E2f6;Greb1;E330012B07Rik;E330034G19Rik;Eaf1;Mettl6;Efcab6;Efcab9;Stk10;Eif4g2;Eif4h;Elovl5;Enoph1;Hnrnpdl;Enpp1;Eny2;Nudcd1;Pkhd1l1;Epb41l1;Epha4;Eps8;Eqtn;Eri3;Esx1;Eva1b;Sh3d21;F11;F2rl2;Fam110a;Slc52a3;Fam117a;Fam135b;Fam160a1;Fam193a;Fam19a1;Fam19a5;Fam209;Gcnt7;Fam20a;Fam84a;Fan1;Fat4;Fbxl21;Fbxo45;Wdr53;Fcamr;Fdx1;Fhad1os1;Fhl4;Tmem263;Fibin;Firre;Fkbp9;Kbtbd2;Fnbp1l;Foxp1;Foxp4;Frat1;Frat2;Frmd4a;Frmd6;Frmpd1os;Fus;Pycard;G0s2;Hsd11b1;Gal3st1;Galr2;Srp68;Gc;Gem;Gfra2;Ghr;Ginm1;Gjb5;Glipr1;Krr1;Gls;Glyctk;Mir135a-1;Wdr82;Gm10280;Gm10390;Gm10637;Gm1110;Gm11217;Gm11240;Rasef;Gm11266;Nfib;Gm11562;Gm11937;Gm11938;Krtap1-3;Krtap2-4;Krtap4-1;Krtap9-3;Gm11981;Gm11985;Gm12128;Gm13133;Gm13807;Mir7001;Gm14812;Gm15050;Hotairm1;Hotairm2;Hoxa1;Hoxa2;Hoxa4;Hoxaas2;Gm15455;Gm15511;Gm15638;Gm1587;Gm15880;Gm15908;Pxdc1;Gm15934;Popdc3;Gm16291;Gm17660;Gm19589;Gm19705;Gm20765;Gm21293;Gm21304;Gm21312;Gm6763;Gm8764;Gm28178;Gm30790;Gm33104;Gm4850;Gm5;Gm5083;Gm5089;Gm5481;Gm5544;Gm6402;Gm6559;Gm6567;Gm6602;Gm7334;Gm7550;Gm7694;Spata46;Gm815;Gm8298;Gm8541;Gmppa;Golga2;Swi5;Uck1;Gpatch2l;Gpc6;Gpd2;Gpr108;Trip10;Vav1;Gpr139;Gpr179;Gpr18;Gprc5d;Gria1;Grid2ip;Grip1;Grip1os1;Gse1;Gtf2a1l;Guca2a;Habp4;Hace1;Hba-a1;Hba-a2;Hba-x;Hbq1b;Nprl3;Hcrtr1;Pef1;Hdac4;Hdac7;Hddc2;Heatr1;Hhipl2;Hmg20a;Peak1;Hmgb3;Hopx;Hoxa10;Hoxa3;Hoxa5;Hoxa6;Hoxa7;Hoxa9;Hoxaas3;Mir196b;Mira;Hrasls;Hunk;Hymai;Plagl1;Iffo2;Ifitm3;Ifitm6;Ifnb1;Ift20;Tmem97;Tnfaip1;Igdcc4;Iglon5;Mir7051;Vsig10l;Il12b;Il23r;Il31;Lrrc43;Impg2;Inpp5j;Pla2g3;Insrr;Ntrk1;Ints10;Iscu;Sart3;Tmem119;Itgae;Jmjd4;Snap47;Jph3;Kcnab2;Kcng4;Kcnip4;Kcnk13;Kdm4c;Kif20b;Klf12;Krtap11-1;Krtap19-9b;Krtap21-1;Krtap6-2;Krtap28-13;L1td1;Lamp5;Layn;Lce1a1;Lce1b;Lce6a;Lclat1;Letmd1;Lingo2;Lipc;Lipo2;Lonrf2;Lrch3;Lrig3;Lrpap1;Lrrc32;Lrrc6;Lrrc9;Ltbr;Scnn1a;Lvrn;Lypd8;Lysmd2;Tmod2;Magee1;Magi1;Mal;Mannr;Mansc1;Map2k3;Map2k3os;Natd1;Mdfic;Mecr;Ptpru;Med10;Med12l;Med27;Megf11;Mest;Mir335;Mettl7a1;Mettl7a3;Mid1;Mir135a-2;Mir145b;Mir1927;Mir1929;Mir1930;Mir1936;Mir1962;Ptpre;Mir218-1;Mir3076;Tkt;Mir30c-1;Mir30e;Mir30f;Mir3105;Mir320;Piwil2;Polr3d;Mir466k;Mir491;Mir5618;Mir6403;Selenon;Mir6926;Mir694;Mir701;Mir7665;Mir873a;Mir873b;Mir876;Mis18a;Mrap;Mmd2;Mpp2;Mrps35;Rep15;Mtnr1b;Muc20;Mybl1;Myo1e;Myoz3;Rbm22;Naip1;Nat3;Ncoa1;Ncoa7;Ndnf;Ndst3;Nebl;Nfyc;Rims3;Nipal1;Nlgn1;Nme5;Wnt8a;Nog;Nol4l;Nolc1;Nostrin;Nrd1;Nrg1;Nsmce4a;Tacc2;Nt5c2;Ntan1;Nthl1;Tsc2;Numb;Olfr1054;Olfr1055;Olfr1056;Olfr1357;Olfr231;Olfr421-ps1;Olfr424;Olfr24;Olfr273;Olfr447;Olfr448;Olfr736;Olfr815;Olfr816;Olfr878;Olfr94;Olfr95;Ubd;Olig3;Orm2;Orm3;P2ry10b;Pabpc1;Pag1;Pcf11;Pde1a;Pdgfc;Pdzrn4;Peg13;Plac1;Platr5;Plcg2;Plch2;Plekhs1;Plppr5;Plscr5;Pnkd;Pogz;Polq;Pparg;Ppp1r3g;Ppp2cb;Ppp2r1b;Ppp2r5a;Prdm2;Prg2;Prl2b1;Prl8a2;Proc;Prokr2;Prom1;Proz;Prph2;Prps1l1;Prrc2c;Prss35;Prtg;Ptger4;Pthlh;Ptpre;Pum2;Pxdn;Rab10;Rab10os;Rab23;Ralgapa2;Rasa1;Rbfox1;Rbm19;Rbm33;Rgs12;Rgs4;Rhox10;Rhox11;Rmnd5a;Rnaseh2b;Rnd2;Vat1;Rnf121;Rnf138;Rnf38;Rora;Rpa1;Smyd4;Rpa2;Smpdl3b;Themis2;Rps15a-ps6;Rragc;Rspo1;Rtn1;Rwdd3;Ryr3;Sae1;Scgb3a2;Spink1;Scgn;Schip1;Scn5a;Scrg1;Sec11c;Sema3e;Sepsecs;Serpina3i;Serpina4-ps1;Serpinb10;Serpinb2;Serpinb7;Sh3d19;Sh3gl2;Sh3tc2;Shb;Siglec1;Sipa1l3;Ska1;Slc10a4;Slc12a1;Slc13a1;Slc22a15;Slc22a3;Slc25a24;Slc25a33;Slc26a9;Slc43a3;Slc4a4;Slc6a12;Slco1c1;Slit2;Smad5;Smarca4;Smarcal1;Smo;Smyd3;Snhg17;Socs6;Sos2;Spata7;Spdef;Speer4e;Speer8-ps1;Spink4;Sptbn4;St18;St3gal6;St8sia2;Stard3nl;Stat4;Stk-ps2;Stk4;Ston1;Ston2;Sulf1;Syt17;Tab1;Taf1a;Tbr1;Tbrg1;Tceal1;Tekt4;Tekt5;Tex35;Tfcp2l1;Them7;Timm29;Yipf2;Tlx1;Tmem131l;Tmem132d;Tmem150cos;Tmem202;Tmem218;Tmem72;Tmtc4;Tmx4;Tnfaip3;Tnfrsf8;Tnr;Tprg;Traf1;Trhr;Trim36;Trim42;Trim44;Tspan18;Ttc28;Ttc39c;Ttc9;Tubgcp4;Zscan29;Txk;Tyr;Ucn3;Uggt1;Vangl1;Vgll1;Vmn2r24;Vopp1;Vwa2;Wdtc1;Wee1;Ywhaq;Zfand6;Zfp13;Zfp213;Zfp474;Zfp507;Zfp644;Zfp715;Zfp939;Zfyve9;Znrf2
434	39.50872878276837	7.066251120422378	2.483137736759702	1.971840027603788e-38	1700012D16Rik;1700092C10Rik;Nkx2-6;1700112J05Rik;2310069G16Rik;Sybu;4930471C04Rik;Prss51;Prss52;4930473O22Rik;Lum;9330117O12Rik;Alg8;Ndufc2;Ap3b1;Gm9776;Arhgef25;B4galnt1;Dtx3;F420014N23Rik;Slc26a10;Armc10;Fbxl13;Arsb;Mir5624;Atp2b3;Atxn7l1;F730043M19Rik;Bhlhe23;Ccbe1;Clns1a;Rsf1os2;Col10a1;Ctxn3;Dbh;Dbhos;Drc3;Tom1l2;Fam131b;Zyx;Fam135a;Gins2;Gm10389;Gm11665;Myl4;Gm1600;Gm32461;Gm815;Gpr183;Gpr37;Lncenc1;Map1b;Mir466q;Mir6392;Pnpla3;Samm50;Nrip3;Tmem9b;Ocln;Palld;Parvg;Pcdh20;Pdk2;Samd14;Per2;Pno1;Wdr92;Prnd;Shank2;Slc25a13;Tdo2;Tfam;Tmem252;Trdmt1;Uqcc2;Usp45;Vrk1;Zbtb46;Zmynd11
83	44.44172039881946	16.091647067358164	1.465596945990118	1.4594074628790907e-37	3110039M20Rik;Foxg1;3200001D21Rik;4930572O13Rik;Gm32123;4930590L20Rik;4930596I21Rik;Acot13;Tdp2;Acot1;Acot2;Actb;Fbxl18;Anxa11;Asf1a;Mcm9;B930018H19Rik;Car5b;Chchd4;Tmem43;Cwc22;Dhx40;Dlgap3;Dmac1;Elf2;Erlin2;Plpbp;Extl2;Slc30a7;Fam124a;Fbxo33;Gm11266;Nfib;Gm16143;Pbld1;Gm17767;Gm29461;Gm30551;Gm3279;Neurod6;Gm6634;Gpx6;Htr5b;Kcnn3;Ky;LOC100043315;Lman2l;Mir1927;Mir218-2;Pdcd4;Rhobtb3;Selenos;Slc35c1;Snapc1;Spred2;Tbr1;Tcof1;Tshb;Tspan13
370	56.65970198180806	29.520806983002608	0.9405885131105923	1.1178451907255012e-28	0610031O16Rik;1110028F18Rik;Cdh1;1700006A11Rik;1700006F04Rik;1700008K24Rik;1700009C05Rik;Gcfc2;Mir468;Mir7232;1700010B08Rik;Vapb;1700010I02Rik;1700013G24Rik;Cela3b;1700016D06Rik;1700018A04Rik;1700018B24Rik;1700019P21Rik;1700021F02Rik;1700022H16Rik;Osr1;1700024B18Rik;1700024G13Rik;1700025C18Rik;1700028I16Rik;Txnrd1;1700028M03Rik;1700028P14Rik;Ptar1;1700029N11Rik;1700030L20Rik;1700031M16Rik;1700034G24Rik;1700034K08Rik;1700039E22Rik;Mir6405;1700042O10Rik;Ddc;1700044C05Rik;1700049E22Rik;1700054M17Rik;1700061G19Rik;Acsbg2;1700061I17Rik;1700063O14Rik;1700064J06Rik;1700065O20Rik;1700066N21Rik;Cabs1;Smr3a;1700071K01Rik;1700072O05Rik;Hdhd5;1700095A21Rik;1700096P03Rik;1700099I09Rik;1700100I10Rik;1700102H20Rik;Cldn20;Tfb1m;1700108J01Rik;1700113H08Rik;1700120E14Rik;1700122C19Rik;1700122O11Rik;1810007D17Rik;1810037I17Rik;4933405D12Rik;Fabp2;1810041H14Rik;Ubac2;1810046K07Rik;2010005H15Rik;Gm5416;2310003N18Rik;2310015A10Rik;2310015D24Rik;2310034C09Rik;Krtap13;Krtap13-1;2310034O05Rik;2310040G24Rik;A430078I02Rik;2310079G19Rik;Krtap26-1;2410004I01Rik;C1ql1;2510009E07Rik;2610028E06Rik;2610035D17Rik;4732490B19Rik;2610206C17Rik;Zfand6;2610307P16Rik;2700046A07Rik;2810049E08Rik;3110039I08Rik;3110099E03Rik;4732414G09Rik;Camkk1;P2rx1;4833423E24Rik;4921508D12Rik;4930405O22Rik;4930407G08Rik;Slc1a7;4930413E15Rik;4930428G15Rik;Stt3b;4930428O21Rik;Gfi1;4930429D17Rik;4930429H19Rik;4930432K21Rik;Cc2d1a;Podnl1;4930432M17Rik;4930440C22Rik;4930440I19Rik;4930441J16Rik;4930444P10Rik;Rpl7;4930447J18Rik;4930449E01Rik;4930452G13Rik;4930463O16Rik;4930467J12Rik;4930544M13Rik;4930469K13Rik;4930474N09Rik;4930484H19Rik;4930486I03Rik;4930503B20Rik;Gm16325;4930503O07Rik;4930505G20Rik;4930517M08Rik;4930518J21Rik;4930519F24Rik;4930524B15Rik;4930524O08Rik;Mir184;4930529K09Rik;4930534H03Rik;4930539C22Rik;4930540M03Rik;4930540M03Rik;Deup1;4930549C15Rik;4930556L07Rik;4930557K07Rik;Acrbp;Lpar5;4930567J20Rik;4930572K03Rik;4930578E11Rik;4930579K19Rik;Copb2;4930583I09Rik;4931429P17Rik;4933400A11Rik;4933402C06Rik;4933404K13Rik;4933405E24Rik;4933406K04Rik;4933407K13Rik;4933416E03Rik;4933417E11Rik;4933429O19Rik;4933436H12Rik;5031425F14Rik;5033404E19Rik;5430427M07Rik;5730403I07Rik;5730409E04Rik;5830454E08Rik;6330415B21Rik;6330415G19Rik;Zfp13;Zfp213;6430548M08Rik;6430628N08Rik;6530403H02Rik;8430422H06Rik;8430430B14Rik;9130015G15Rik;9230105E05Rik;9330179D12Rik;Ccnd2;9430019J16Rik;9530020I12Rik;Msgn1;9530053A07Rik;A130030D18Rik;A230056J06Rik;Naa35;A330048O09Rik;A4galt;A530010L16Rik;Acsf3;A530016L24Rik;A530053G22Rik;A630001G21Rik;A630075F10Rik;A730004F24Rik;A730018C14Rik;A730018C14Rik;B020018J22Rik;A730035I17Rik;Prdm8;A730082K24Rik;A730085K08Rik;A930011G23Rik;Gm38413;AA414768;AA536875;AF529169;AI197445;AI314278;Fzd4;Tmem135;AI507597;Fblim1;Slc25a34;Tmem82;AI507597;Fblim1;Tmem82;AI593442;Gm1715;AI646519;Pax1;AU016765;AU040320;Ncdn;AY358078;Ang4;AY702103;Aaed1;Aagab;Iqch;Abcb10;Abcc5;Abhd1;Cgref1;Khk;Ablim1;Acad9;Ackr1;Ackr3;Acly;Acsl5;Actl6a;Adam19;Mir8100;Adamts18;Adamtsl1;Adgrd1;Adgrf1;Agap1;Agbl2;Agmat;Agpat4;Ahsg;Gm30505;Aicda;Aipl1;Pimreg;Ajap1;Akain1;Akap2;Akr1e1;Aldh3a1;Usp22;Alg10b;Mir7648;Alkal2;Alpl;Ampd1;Ampd3;Anapc15;Folr1;Folr2;Angpt2;Ankk1;Ankrd29;Ankrd36;Ankrd40;Ankrd42;Ankrd46;Ankrd50;Antxrl;Gm5460;Ap1m1;Apcdd1;Apela;Apela;Trim60;Trim61;Apob;Apobec1;Gdf3;Apold1;Arap1;Stard10;Arhgap24;Arhgap25;Arhgap35;Arhgap8;Gm20556;Arhgef3;Arhgef38;Arl14ep;Arl14epl;Arl4d;Armcx1;Art4;Smco3;Asb1;Asb18;Asb4;Ascl1;Ass1;Gm5424;Astn2;Asxl3;Atg10;Atp10b;Atp11c;Atp1b1;Atp2b2;Atp2b4;Mir6903;Atp5g1;Calcoco2;Atp6v0d2;Atp6v1e2;Atp8b3;Atp8b5;Atp9b;Aup1;Dqx1;Htra2;Lbx2;Pcgf1;Tlx2;Avpr2;L1cam;Axin1;Mrpl28;Tmem8;B230112J18Rik;B230214G05Rik;B230323A14Rik;Foxb1;B230354K17Rik;Cdc5l;B330016D10Rik;B3gnt5;B3gnt7;Gm28626;B9d2;Tgfb1;Tmem91;BB123696;BC006965;BC024139;BC037156;Odam;BC048644;Slc7a5;BC107364;Baalc;Bag1;Chmp5;Nfx1;Bank1;Bdkrb1;Bex3;Bhmt2;Dmgdh;Bid;Bloc1s5;Bmp10;Bmp2k;Bmp5;Bmp7;Bmpr1b;Bok;Bora;Mzt1;Bpifa1;Bpifa3;Bpifa5;Bsx;Btc;Btn2a2;C230014O12Rik;C230072F16Rik;C230079O03Rik;C330011F03Rik;C730036E19Rik;CK137956;CK137956;Csmd2;Cabp7;Cacna2d1;Cacna2d2;Cadps2;Calcrl;Camk1d;Capn13;Car1;Car8;Card6;Rpl37;Snord72;Carlr;Casd1;Casp14;Gm30400;Casz1;Ccdc106;Epn1;U2af2;Ccdc115;Imp4;Mir5103;Ccdc181;Slc19a2;Ccdc182;Ccdc30;Ccdc68;Ccdc69;Ccdc90b;Cckar;Ccnjl;Cct5;Fam173b;Cd19;Rabep2;Cd2;Cd244;Itln1;Cd33;Zfp658;Cd36;Cd47;Cd5l;Fcrl1;Cd82;Cd93;Cdc14a;Cdh18;Cdh22;Cdhr5;Drd4;Irf7;Sct;Cdk2;Pmel;Rab5b;Cdkl4;Cdx1;Slc6a7;Cdx2;Mir7k;Cerkl;Ces3a;Ces3b;Ces4a;Cetn3;Cfap45;Tagln2;Cfap53;Cfc1;Cfh;Cfhr2;Cgn;Cgnl1;Chac1;Dll4;Gm14207;Chchd3;Chd3;Cyb5d1;Naa38;Tmem88;Chga;Chia1;Chil3;Chil4;Chn1;Chp2;Chrdl2;Chst13;Uroc1;Chst8;Cisd3;Mir6927;Mllt6;Cldn1;Cldn18;Clec14a;Clec3b;Clip4;Clock;Gm7467;Clrn1;Cma1;Cma2;Mcpt-ps1;Cmtm7;Cndp1;Cnn3;Cnr2;Fuca1;Cntf;Cntfr;Col13a1;Col19a1;Col1a2;Col22a1;Colgalt2;Cox4i2;Cpa5;Cpb2;Cpt1a;Crabp1;Wdr61;Creb3l1;Creb3l3;Map2k2;Mir5615-1;Mir5615-2;Thop1;Creb5;Creg2;Crygf;Crygs;Csf1;Csl;Gm35206;Csmd2;Csrp3;Ctbp2;Ctcfl;Ctcflos;Ctnna1;Ctnnbl1;Ctrb1;Mir7076;Ctu2;Rnf166;Ctxn3;Cul3;Cux1;Cxcr1;Mir1928;Cxcr3;Cyp19a1;Cyp1b1;Cyp24a1;Pfdn4;Cyp2j11;Cypt3;D030025E07Rik;D030045P18Rik;D130009I18Rik;D1Pas1;D230030E09Rik;D630039A03Rik;D730045A05Rik;D730050B12Rik;Dalir;Dbx1;Dcbld2;Dcc;Dct;Dctd;Ddc;Ddi1;Ddo;Degs2;Dhdds;Lin28a;Dhh;Lmbr1l;Dhtkd1;Upf2;Disp1;Dlc1;Dleu2;Dlk1;Dll4;Gm14207;Dlx3;Dlx4;Dlx4os;Dmp1;Dspp;Dmrt3;Dmrta1;Dnah11;Dnah5;Dnajb4;Gipc2;Dnajc24;Dock10;Dph6;Dpy19l2;Dpy19l4;Dpysl3;Drd1;Sfxn1;Dtd2;Gpr33;Dtl;Ints7;Dtna;Duox1;Duox2;Duoxa1;Duoxa2;E030025P04Rik;E130006D01Rik;E130008D07Rik;E130114P18Rik;E230016M11Rik;Gadd45a;E2f8;Gm2788;E330012B07Rik;E330013P04Rik;Eaf1;Mettl6;Ear6;Ear7;Ebf1;Edn3;Ednrb;Efl1;Saxo2;Egr2;Eif2b2;Eif3m;Eif4e;Mir1956;Eif5;Snora28;Elavl4;Elfn1;Emilin3;Emp1;Emx2;Emx2os;En2;Eno4;Hspa12a;Entpd6;Eomes;Epha4;Mir6352;Ephb2;Eps8;Erap1;Erg;Erlin2;Erv3;Esp24;Esrrb;Etfbkmt;Etl4;Etv4;Etv6;Eva1c;F10;Proz;F13b;F2r;F930015N05Rik;Hs3st3a1;Fabp12;Fam102b;Fam110b;Fam122b;Plac1;Fam124b;Fam169b;Gm16157;Pgpep1l;Fam181b;Fam204a;Fam53b;Fam69c;Fam69c;Gm38576;Fam83a;Fap;Fbln7;Fbn1;Fbrsl1;Fbxl12;Pin1;Ubl5;Fbxl14;Fbxl4;Fbxo40;Polq;Fbxo5;Fgd4;Fgd5;Fgf6;Fgf7;Fgfr2;Fgfrl1;Fggy;Fhdc1;Fignl2;Filip1;Flii;Llgl1;Mief2;Mir5100;Fmn1;Fmo2;Fmo3;Fmo9;Fndc3c1;Fndc7;Foxa1;Foxb2;Foxd2;Foxd2os;Foxd2os;Foxe3;Fpgt;Lrriq3;Fras1;Frk;Fshb;Fsip1;Fst;Fstl4;Fthl17a;Fuca2;Phactr2;Fut4-ps1;Ndufa11;Vmac;Fv1;Miip;Fyb2;Fzd2;Gm11627;Fzd9;G630093K05Rik;G6pc2;Gabrr3;Galnt14;Ganc;Tmem87a;Garem1;Gas2l3;Gatad2a;Gcat;Gm10865;Gm17753;H1f0;Mir6956;Gcg;Gcm2;Sycp2l;Gdnf;Gfod2;Gfpt2;Ggct;Nod1;Gja8;Gjb4;Gjb5;Gk2;Glis2;Pam16;Glod4;Mrm3;Glrx;Gls2;Rbms2;Glt8d2;Gm10007;Gm10244;Mkrn1;Gm10319;Gm10390;Gm10400;Gm10440;Gm10445;Gm10466;Gm10512;Smok2a;Smok2b;Gm10578;Gm10646;Gm10782;Gm10787;Gm10789;Gm11351;Gm11468;Gm11562;Gm11937;Gm11938;Krtap2-4;Krtap4-1;Krtap9-3;Gm11627;Gm11961;Mtmr3;Gm11981;Gm12070;Gm12532;Gm12718;Gm13003;Gm13016;Gm13199;Gm13648;Mir200a;Mir200b;Mir429;Ttll10;Gm136;Smim8;Gm13807;Mir7001;Gm13848;Gm14005;Gm15486;Sec16b;Gm15511;Gm15638;Gm15825;Tfap2d;Gm15881;Gm15910;Gm15934;Popdc3;Gm16063;Gm16159;Gm16291;Gm16573;Gm16853;Qtrt1;Gm17644;Sulf1;Gm17746;Gm17801;Prss28;Prss34;Ube2i;Gm17830;Gm1943;Gm19466;Gm19519;Gm19585;Gm1965;Gm20098;Gm20300;Hint3;Gm20319;Gm20741;Krtap14;Krtap15;Gm20743;Gm20758;Gm20759;Gm20939;Gm21859;Gm2447;Gm2516;Gm26685;Gm26688;Gm26876;Ikzf4;Rps26;Gm28590;Gm28822;Gm28979;Gm29678;Gm29679;Gm29811;Gm30052;Gm3244;Gm32693;Gm32817;Mir193b;Mir365-1;Mir6365;Gm32921;Gm3336;Pde4c;Gm34068;Gm34240;Gm34746;Gm36283;Gm38436;Gm38438;Sox3;Gm3985;Gm4489;Gm4763;Gm4846;Gm4872;Gm5148;Gm5481;Gm5532;Gm5886;Gm6116;Gm6150;Samd5;Gm6568;Gm6614;Gm7271;Gm7550;Gm7827;Gm805;Gm815;Gm8541;Gm8579;Gm8580;Ntn4;Gm8630;Gm8883;Gp1bb;Tbx1;Gpat4;Gpatch1;Rhpn2;Gpi1;Gpihbp1;Ly6h;Gpr161;Gpr26;Gpr87;Gprc6a;Gpx2;Rab15;Grb10;Grem1;Grik3;Grina;Mir6953;Mirt2;Parp10;Spatc1;Grm1;Grm4;Grpr;Gtf2f2;Gucy1a1;Gucy2c;Gucy2d;Gyg;Gykl1;Gypa;H1foo;Rho;H2-Q6;H2-Q7;H2-Q8;H2-Q9;H2al3;Hypm;H60c;Hba-a1;Hba-a2;Hba-x;Hbq1a;Hbq1b;Nprl3;Hbp1;Hebp1;Helt;Hgd;Hgfac;Mir3097;Hk3;Hlcs;Ripply3;Hmcn1;Hnf4a;R3hdml;Hnrnpc;Rpgrip1;Hoxb1;Hpcal1;Hs3st4;Hs3st5;Hs6st1;Hsd11b1;Hsd17b3;Hspa12b;Hspa4l;Hspg2;Htatip2;Htr1a;Htr1f;Htr3a;Htr3b;Usp28;I730028E13Rik;Iapp;Id1;Ier5;Ifi213;Ifi35;Rnd2;Rpl27;Vat1;Ifitm1;Ifitm2;Ifitm5;Pgghg;Ifngr2;Igbp1b;Igf1;Igf2bp2;Igsf3;Il16;Il19;Il1f5;Il20ra;Immp2l;Ipo4;Irf9;Rec8;Iqcf6;Iqcj;Iqschfp;Irf1;Irf4;Irs4;Irx3;Isl1;Itga1;Itga3;Itga9;Itgb2l;Itm2a;Ivd;Iyd;Izumo1r;Jam2;Jam3;Jmjd1c;Jpx;Xist;Kcna10;Kcnip1;Kcnip1;Kcnmb1;Kcnip4;Kcnj11;Kcnk5;Kcnmb2;Kcnmb3;Kcnt2;Kctd1;Kctd12b;Kdm4c;Kdm5b;Mgat4e;Kif11;Kif12;Kif6;Kit;Klhl42;Mansc4;Klk5;Kng2;Krt24;Krtap19-9b;Krtap20-2;Krtap27-1;Krtap5-1;Krtap5-4;Krtap7-1;Krtap8-1;LOC100043315;LOC102632463;Prox1;Lamc3;Lamp5;Laptm5;Lats2;Layn;Lbx1;Lcn4;Lct;Mcm6;Lefty2;Pycr2;Lep;Lepr;Lgals8;Lhcgr;Lhx2;Lhx5;Lig1;Zswim9;Lima1;Lin7a;Lincmd1;Mir133b;Mir206;Lincred1;Lingo1;Lipg;Lmnb1;Lmntd1;Lmo1;Lmo4;Lmod3;Lncbate1;Loxl1;Lpp;Lrcol1;P2rx2;Lrfn2;Lrig1;Lrig3;Lrrc1;Lrrc3c;Ormdl3;Lrrc4c;Lrrc72;Lsm7;Sppl2b;Tmprss9;Lsp1;Ly75;Lypd3;Lztfl1;Mad1l1;Mafb;Mageb18;Magohb;Styk1;Mak;Maml2;Manbal;Mannr;Map3k1;Map3k5;Pex7;Map3k7cl;Map4k4;Mapk10;Mapk13;Mapk1ip1;Ppp2r2d;Mbd3l2;Mbtps2;Yy2;Mc2r;Mcat;Tspo;Mdfi;Med12l;Med13l;Meg3;Megf6;Tprgl;Meox2;Mest;Mgam;Mgat4c;Mical3;Mid1;Mill2;Psg17;Mir100;Mirlet7a-2;Mir1195;Tgif1;Mir142;Mir142b;Supt4a;Tspoap1;Mir146;Mir148a;Mir181a-1;Mir181b-1;Mir1895;Mir1950;Mir218-1;Mir21b;Mir3063;Mir3088;Mir3108;Mir3112;Mir325;Mir345;Slc25a29;Slc25a47;Mir3471-2;Mir3473e;Mir3967;Mir455;Mir467g;Mir489;Mir653;Mir5099;Mir5112;Zfp236;Mir5118;Mir551b;Mir5617;Timp1;Mir5618;Mir6341;Mir6342;Mir6348;Mir6370;Mir6372;Mir6377;Mir6378;Mir6394;Mir6404;Mir6405;Mir6409;Mir6538;Rnf144a;Mir6539;Mir669a-10;Mir669a-11;Mir669a-12;Mir669a-4;Mir669a-5;Mir669a-6;Mir669a-7;Mir669a-8;Mir669a-9;Mir669p-1;Mir669p-2;Mir676;Mir680-3;Mir682;Mir7010;Mir7025;Mir7072;Mir717;Mir7214;Mir7216;Mir763;Mir7676-1;Mir7676-2;Mir7681;Mkl1;Mlip;Mmp13;Mocs2;Morn5;Ndufa8;Mospd4;Mpeg1;Mpeg1;Pfpl;Mptx2;Olfr418;Mrln;Mroh2b;Mrpl23;Prr33;Msi1;Msmo1;Mtif3;Mttp;Trmt10a;Mtus1;Myl2;Mylip;Myo16;Myo1h;Mysm1;Nanog;Nat14;Ssc5d;Zfp628;Nat3;Nckap5;Ncor2;Nebl;Nectin1;Nedd9;Nelfcd;Neurod4;Neurog2;Nfkbia;Ngly1;Oxsm;Nhlh2;Nid2;Nipal1;Nipal2;Nkx3-2;Nlgn1;Nlrc3;Nlrp14;Olfr716;Nmnat2;Nms;Nog;Nox3;Npc1;Npepl1;Npl;Npm1;Nptx2;Npvf;Nqo1;Nr2c1;Nr2e1;Nr5a1;Nrg1;Nrip1;Nsmce1;Nsmce2;Washc5;Nt5c1a;Ntf3;Ntn1;Nucb2;Nudt15;Sucla2;Nuggc;Nus1;Oas1f;Oas1f;Oas1h;Oc90;Oca2;Olah;Olfm2;Olfm4;Olfr1023;Olfr1024;Olfr1024;Olfr1026;Olfr1052;Olfr1053;Olfr1054;Olfr1097;Olfr111;Olfr1145;Olfr1148;Olfr1228;Olfr1314;Olfr1324;Olfr1408;Olfr1414;Olfr178;Olfr180;Olfr248;Olfr417;Olfr273;Olfr292;Olfr31;Olfr323;Trim58;Olfr33;Olfr559;Olfr560;Olfr368;Olfr419;Olfr441;Olfr455;Olfr458;Tas2r126;Olfr45;Olfr541;Olfr47;Olfr521;Olfr549;Olfr550;Olfr551;Trim21;Olfr62;Olfr646;Ubqln5;Olfr688;Olfr689;Olfr763;Olfr763;Olfr9;Olfr780;Olfr781;Olfr796;Olfr798;Olfr801;Olfr802;Olfr803;Olfr804;Olfr802;Olfr803;Olfr804;Olfr874;Olfr875;Olfr951;Olfr952;Olfr957;Olfr961;Olfr963;Olig2;Oma1;Ostn;Otog;Ush1c;Otol1;Otub1;Otx1;Ovol3;Padi1;Padi4;Padi6;Pakap;Palm2;Palld;Palmd;Papd4;Papln;Pard3;Parp14;Parvb;Pax7;Pax8;Pax9;Pcdhgc3;Pde1a;Pde4dip;Pebp1;Vsig10;Peg3;Usp29;Pex10;Pgap3;Pnmt;Tcap;Pgm5;Phc3;Phgdh;Phldb2;Pik3c2g;Pisd-ps3;Pitx1;Pla2g2d;Pla2r1;Plac1;Platr9;Plb1;Plch1;Plcl2;Pld5;Plk2;Plxna2;Podn;Pou2f3;Pou4f2;Pou5f2;Ppef1;Ppfia4;Ppfibp2;Ppp1r1c;Ppp4r1l-ps;Rab22a;Prdm6;Prg4;Prkacb;Prkar2b;Prkg1;Prkra;Prl2c1;Prl8a2;Prodh;Prpsap1;Prr12;Rras;Prr15;Prss38;Psg20;Psma1;Ptchd4;Ptger3;Ptgr1;Ptpn12;Ptpn13;Ptprr;Pxylp1;Pyroxd2;Qpct;Qsox1;Rab12;Rab21;Rabgap1l;Rapgef6;Rasgef1c;Rasgrp3;Rassf8;Rbfox2;Rbm33;Rbm47;Rbp1;Rcan2;Reg1;Reg2;Reln;Rfx4;Rfx6;Rfx8;Rgs7bp;Rhbdd1;Rhbdl3;Rin2;Rnf121;Trpc2;Xndc1;Xntrpc;Rnf121;Xndc1;Xntrpc;Rnf128;Rnf130;Rnf138rt1;Rnf144b;Rnf180;Rnf219;Rnf220;Rnu7;Rorb;Rpe;Rpl11;Rprl2;Rps4x;Rspo1;Rtl6;Rtp4;Runx1;Rxfp2;S100g;Sag;Scarna6;Samsn1;Samt3;Sbk2;Sbk3;Zfp579;Scg2;Scgb3a1;Scgb3a2;Scml4;Sdc1;Sec31a;Selenot;Sema3a;Sema3f;Sema5a;Snhg18;Snord123;Sema6d;Serpina12;Serpinb12;Serpinb3c;Serpini2;Sfrp1;Sfswap;Sftpa1;Sgk3;Sgsm1;Sh3bgrl;Sh3kbp1;Sh3rf1;Sh3rf2;Shc3;Shisa4;Shisal2b;Shroom3;Sim2;Six3;Six3os1;Skor2;Slbp;Tacc3;Tmem129;Slc14a2;Slc17a6;Slc1a5;Slc1a7;Slc22a1;Slc22a22;Slc26a4;Slc35b1;Spop;Slc38a1;Slc39a11;Slc40a1;Slc4a5;Slc4a7;Slc52a3;Slc6a4;Slc7a3;Tex11;Slc9b1;Slc9c1;Slco1c1;Slfnl1;Smco2;Smim23;Smim8;Smoc1;Snf8;Ube2z;Snrpa1;Snx6;Sorbs2;Sowahb;Sox11;Sox5os3;Sox6;Sp8;Spata48;Spata6;Spink13;Sptlc3;Spty2d1;Spz1;Srgap3;Srpx;St14;St6galnac2;Steap1;Steap2;Stfa3;Stk39;Strap;Stxbp5;Syndig1;Syt2;Taar7d;Taar7e;Taar7f;Tacc2;Tal2;Tango6;Tas2r110;Tas2r116;Tas2r123;Tbc1d22a;Tbc1d4;Tceal3;Tcf21;Tcf4;Tcn2;Tcp11l2;Tead4;Tenm1;Tenm3;Tenm4;Tex11;Tex264;Tfap2b;Tfap2c;Tfeb;Tfec;Tgfbr3;Th;Thbs4;Thoc2;Thsd7a;Tiprl;Tll2;Tlx3;Tm6sf1;Tm9sf4;Tmcc2;Tmco5b;Tmem121;Tmem132c;Tmem132e;Tmem168;Tmem178;Tmem179;Tmem207;Tmem232;Tmem255b;Tmem30c;Tmem45a;Tmprss11e;Tnc;Tnfaip8;Tnfsf15;Tnn;Tnni3k;Tnr;Topbp1;Tph1;Tph2;Tprg;Tpte;Traf3;Trat1;Trem3;Treml4;Treml2;Treml4;Trhr;Trim2;Trim44;Trim52;Trim71;Trmt10b;Trmt13;Trpa1;Trpc3;Trpm5;Tssc4;Tsga13;Tshr;Tspan11;Tspan12;Tspan17;Ttc23l;Ttc32;Ttc9;Ttll7;Txlnb;Txnrd3;Tyk2;Tyms-ps;Tyrp1;Ube2u;Ubl4b;Ubqln3;Ubqln5;Ubqlnl;Ucp3;Ufm1;Ugcg;Umod;Uqcr10;Zmat5;Ush2a;Usp50;Uvssa;Vat1l;Vezf1;Vgll2;Vill;Vit;Vmn1r13;Vmn1r14;Vmn2r56;Vps13d;Vrk2;Vsir;Vstm2a;Vwa3a;Wbp2nl;Wdr86;Wdr95;Wif1;Wnt11;Wnt9b;Xpnpep2;Xrcc2;Ywhae;Zbed6;Zc3h11a;Zbtb10;Zbtb17;Zc3hav1l;Zdhhc13;Zfhx3;Zfp26;Zfp608;Zfp626;Zfp799;Zfp811;Zfp819;Zfp992;Zfr;Zfyve1;Zmynd11;Znhit6
410	86.23966187051482	33.62131269802518	1.3589728497259537	1.7304818160830554e-28	1700011C11Rik;Gm36633;1700019G24Rik;1700021N21Rik;1700034K08Rik;2610024D14Rik;Peli1;4833419F23Rik;Map3k8;Mtpap;4921504A21Rik;Magi2;4930444P10Rik;Rdh10;Rpl7;4930467J12Rik;4930544M13Rik;4930470H14Rik;4930481A15Rik;AI837181;Drap1;4930512J16Rik;4930518J21Rik;4930529K09Rik;4930546C10Rik;4930563J15Rik;Ado;6030458C11Rik;Drosha;9330175M20Rik;9330179D12Rik;A430085M09Rik;Abca12;Acad8;Thyn1;Adra2c;Ahcyl2;Ahi1;Akap7;Ap3s1;Atg12;Cdo1;Apbb1ip;Arhgef10l;Atp1b1;Atp8a2;BC048559;BC107364;Baalc;Best3;Bhlhe22;Bmp5;Bmp6;Btn2a2;C130071C03Rik;Calcoco1;Gm38436;Cald1;Calhm1;Neurl1a;Calhm2;Capn3;Carmn;Il17b;Cars2;Casp14;Casp2;Clcn1;Tmem139;Cdh6;Cdkn3;Cdyl;Cenpu;Cga;Platr9;Zfp292;Ckmt2;Clec2l;Clstn1;Coq2;Cox14;Gm16537;Gpd1;Cox7b;Magt1;Csrp2;D030025P21Rik;Ltbp2;D030045P18Rik;D630013N20Rik;Dagla;Dcaf15;Mir709;Ddi2;Rsc1a1;Defb29;Dhcr7;Nadsyn1;Dhrs7c;Dio1;Dip2a;Dmp1;Drp2;Dsc1;Dusp11;Dync1i1;Dyrk1a;E130006D01Rik;Ebag9;Eid1;Eif1a;Tmed7;Eif1b;Eif4e3;Gpr27;Epsti1;Erlin1;Espn;Hes2;F730035M05Rik;Pygl;Fam114a1;Mir574;Tlr1;Tlr6;Fam160b2;Nudt18;Fam26d;Trappc3l;Fam57a;Vps53;Fancm;Fkbp3;Fbrsl1;Fbxo21;Fbxo32;Fbxw7;Fetub;Fndc5;Hpca;Tmem54;Fndc9;Foxf2;Foxj3;Frg2f1;Fxyd4;Galc;Galnt1;Galnt3;Galnt9;Gba2;Msmp;Rgp1;Ghr;Glis1;Gm10536;Gm10654;Mir1969;Gm11351;Gm11532;Lrrc46;Mrpl10;Scrn2;Sp6;Gm12070;Gm12408;Gm15486;Sec16b;Gm1587;Gm15908;Pxdc1;Gm19395;Gm23363;Golga2;Mir199b;Swi5;Gm29681;Gm31763;Gm5434;Gm6416;Gm6607;Gng5-ps;Gpihbp1;Greb1l;Gtf2b;Gyg;Haspin;P2rx5;Hbp1;Hmgcll1;Hyal6;Ifna15;Ifngr2;Mir6367;Il16;Ints4;Irak1bp1;Kbtbd12;Kcnab1;Kcnj6;Klhl24;Klhl5;Klrg1;Kpna1;Krtap5-3;LOC105243090;Krtap7-1;LOC100043315;Lama2;Lgi1;Lnx2;Polr1d;Lrrc71;Pear1;Lrtm1;Lsm8;Lzts1;Mcc;Mir133c;Mir139;Pde2a;Mir1963;Mir218-2;Mir467e;Mir6239;Mir7010;Mir7235;Tbkbp1;Mir876;Mlph;Morc3;Mrpl32;Psma2;Msantd2;Msl2;Msx3;Tubgcp2;Zfp511;Mxd3;Prelid1;Rab24;Nap1l5;Nckap5l;Nr4a2;Nrn1;Nsmce3;Ocm;Olfr316;Olfr317;Optc;Prelp;P4ha2;Pdlim4;Pappa2;Pex5l;Phc2;Pknox1;Pkp2;Plcd4;Usp37;Pln;Ppp1r12b;Prkag2;Prkag2os1;Prkce;Prlr;Prokr2;Rasgef1c;Rbm24;Relt;Rit2;Rnf165;Robo3;Ror2;Ryk;Sdcbp;Serpina11;Serpina9;Sgk3;Sh3rf3;Ska1;Slc19a2;Snd1;Sorl1;Sostdc1;Sox18;Tcea2;Spats2l;Stat5a;Stat5b;Stk35;Stk35os1;Tapt1;Tbc1d30;Tbca;Tbcel;Tmcc1;Tmem177;Tmem25;Ttc36;Trak1;Trhr;Tspan17;Tunar;Umodl1;Unc80;Usp50;Vegfc;Vmn1r21;Vopp1;Vps41;Wasf3;Wdr26;Zbtb18;Zc3h6;Zfp663;Zfp957
428	8.95356847581007	4.3516419305045035	1.0408858974953075	2.319282502961847e-07	4833422C13Rik;Acot12;4932435O22Rik;4933407G14Rik;A530016L24Rik;Tmem179;A930019D19Rik;Acer3;Adgrg1;Akt1;Zbtb42;Anks1b;Arhgef37;Asic4;B130034C11Rik;Cct8;B230118H07Rik;Rag1;Rag2;Becn2;Btbd6;Nudt14;Btg2;C1qtnf1;Cant1;Gm11747;C4bp-ps1;Pfkfb2;Yod1;Cadm4;Plaur;Camk1g;Car4;Cblb;Ccdc32;Rpusd2;Cdk20;Cntn2;Csk;Lman1l;Dact1;Dclk1;Dppa2;Dpt;Epb41l1;Erp27;Fam92a;Gm11149;Gm11468;Gm11733;Gm15401;Tgoln1;Tgoln2;Gm19299;Gm20544;Smad7;Gm31592;Gucy1b2;Kcnip1;Kcnn3;Kremen1;Lax1;Lingo1;Lmcd1;Map4;Mir3075;Mir6341;Mir7049;Mir7662;Mir7689;Mllt6;Mmab;Mvk;Musk;Nes;Nmd3;Nppa;Olfr1260;Olfr1261;Pabpc6;Pdgfc;Prpf40b;Rab8b;Rgs3;Rpia;Slc6a12;Smim12;Sox2;Src;Suds3;Taok3;Tiam2;Tmcc2;Tmem222;Tox2;Tspan15;Vangl2;Wnt16;Yy1
466	0.7499038730702613	0.3803422720923802	0.9792204884838962	0.001207813146985693	Epc2
418	0.6439445856879288	0.3248923768312065	0.9867546881448456	0.002441814737115938	Mir30a
289	0.6109051703173174	0.2997848204529061	1.0267760903345144	0.008408449712262915	Gulp1
